新聞標題,日期時間,新聞內容,新聞連結
買10萬顆泰達幣被詐299萬 騙徒判2年沒收犯罪所得,2022/04/25 20:23,"台中地院。（資料照）
2022/04/25 20:23
〔記者許國楨／台中報導〕台中市陳姓男子為牟取不法利益，將歪腦筋動到虛擬貨幣上，佯稱有大量泰達幣欲交易，透過欠他錢的男子找到吳姓買家，雙方前年底相約七期重劃區一棟豪華商辦前交易，由吳交付299.5萬元給陳，但陳與同夥卻趁機落跑，案經審結，法官認定陳涉詐欺取財罪，判刑2年，沒收犯罪所得。
全案在台中地院審理時，根據被害人、證人及同案共犯證述，以及相關微信對話紀錄，認定43歲陳男是案件主謀，佯稱欲出售泰達幣，透過「小江」協助仲介，約出被害人詐騙金額達數百萬元，不亞於一般3人以上的詐騙集團，犯後否認涉案不見悔意，還藏匿，反覆浪費司法、警政資源，加上陳有前科，依累犯加重其刑，判刑2年，另張姓共犯判刑1年6月，可上訴。
判決指出，有恐嚇取財、殺人未遂前科的陳男，向欠債未清，綽號「小江」男子佯稱，有虛擬貨幣泰達幣欲出售，需「小江」幫忙找到買家，媒介成功會付1萬元酬金，可抵債務，「小江」不疑，前年2月20日，找來吳姓男子在七期一處豪華商辦大樓前交易，陳與張姓友人則由不知情的詹姓友人開車搭載前往赴會。
當天吳男提領299.5萬元現金，與陳男約好以每顆泰達幣29.95元的價格購買10萬顆，吳交付現金後，陳、張在車內清點無訛，吳將電子錢包的位址，以手機軟體微信傳給「小江」，「小江」再傳給陳，讓陳將泰達幣傳送到吳的電子錢包內。
而在等待交易確認過程，雙方共4人一起下車在超商外抽菸、聊天，但陳、張卻趁吳不備，跳上詹的轎車後，要求詹催緊油門離開，詐得299.5萬元現金，之後陳將其中27萬、20萬分給張、詹後，將其餘贓款花用殆盡，遇詐吳男事後報案，警方根據車牌以車追人循線找上詹男，詹辯稱不知情，並將分得的贓款20萬元歸還給吳，警方接著再循線查獲陳、張到案，並依詐欺取財罪送辦。
不用抽 不用搶 現在用APP看新聞 保證天天中獎　 點我下載APP　 按我看活動辦法",https://news.ltn.com.tw/news/society/breakingnews/3905379
Youtuber勾惡控割韭菜 連千毅提告嗆：「你有蹲過苦窯嗎？」,2022/04/25 12:37,"直播主連千毅。（記者王定傳攝）
2022/04/25 12:37
〔記者王定傳／新北報導〕YouTube頻道「勾起你心中的惡」（勾惡）指控直播主連千毅藉NFT斂財，根本割韭菜，連千毅不甘示弱，今日赴新北地檢署控告勾惡妨害名譽，並嗆勾惡在網路上「跳到桌子上說連千毅我要跟你怎樣怎樣」，他是能跟人家怎樣？他有蹲過苦窯嗎？充其量就是在路邊賣藝的藝人、街頭藝人，小屁孩與「8＋9」才會做這種事情，沒有意義，最後要勾惡拿下面具出來辯論，否則退出YT與直播界。
連千毅表示，做虛擬貨幣NFT或買股票，有漲有跌，若自己買股票最後跌到成壁紙，自己也是歡喜甘願，他不會因為買了未上市股票變成壁紙，而去控告別人騙錢。
連千毅表示，勾惡所做的影片都是斷章取義，並下聳動標題，就是要引導社會大眾先入為主；他嗆勾惡說：「大家直接把面具拿下來面對，5月5號6點，我一個人在運動場等你，如果你沒到，就退出YT跟直播界…他就直接回去跳舞就好了，當他的舞蹈老師」。
連千毅還加碼告發勾惡，於2017年上藝人納豆節目時，明明知道自己只是台南高分檢替代役，卻冒充警察，在節目牌子上寫著「警察」兩字，另外，勾惡在2017年成立一間資本額僅50萬元的公司，沒任何參與國家標案的競標經驗，竟可一家公司競標就拿到新北市政府城鄉局700萬元的標案，質疑有不法行為。
連千毅說，勾惡在網路上「跳到桌子上說連千毅我要跟你怎樣怎樣」，他是能跟人家怎樣？他有蹲過苦窯嗎？充其量就是在路邊賣藝的藝人、街頭藝人，小屁孩、「8＋9」才會做這種事情，沒有意義；他最後繼續嗆勾惡：「如果沒有膽識出來辯論，以後就叫他不要出來、不要在YT裝神弄鬼」。
連千毅繼續嗆勾惡應該沒錢買衣服，整天穿那套衣服、破破爛爛，「沒關係，如果你真的沒有錢買衣服的話，我送5套給你，有不同顏色的，禮拜一穿到禮拜五，再多買兩套運動服送他，不然我看他拍片永遠都穿那套，有點寒酸」。
不用抽 不用搶 現在用APP看新聞 保證天天中獎　 點我下載APP　 按我看活動辦法",https://news.ltn.com.tw/news/society/breakingnews/3904755
自由日日shoot》幣安釣魚簡訊盜帳號 虛擬貨幣瞬間轉走,2022/04/25 05:30,"伍女收到釣魚網簡訊上當連結網頁，幣 安帳戶內虛擬貨幣遭盜買禮物卡轉出。 （記者姚岳宏翻攝）
2022/04/25 05:30
〔記者姚岳宏／台北報導〕透過手機購物甚至行動支付已成為民眾日常，加上武漢肺炎改變生活型態，加速宅經濟興起，也讓歹徒有可乘之機，利用釣魚簡訊行騙，詐騙手法也不斷推陳出新，除結合時事一再變體，並從假銀行詐騙簡訊，進化到時下最夯的虛擬貨幣交易，台中市及新北市分別有女子收到假的「幣安」（Binance）貨幣交易公司連結網址，共被騙走八萬餘元，刑事警察局指出，這是釣魚簡訊最新的詐騙幌子，提醒來路不明的網址千萬別亂點。
「幣安」公司來自中國，幣安在交易量方面被認為是全球最大的加密貨幣交易所之一，為超過一百種加密貨幣提供交易平台，也有發行自己的BNB幣。
警方調查，台中市從事服務業的三十五歲伍姓女子是幣安公司會員，日前收到釣魚簡訊，內容表示「您所在地區帳戶將在近期中止」，伍女點擊查看，發現是虛擬通貨交易所「幣安」的網站，便依網頁指示填個人登入帳號、密碼，但沒想到，她所輸入的網頁是歹徒架設的釣魚網站。
歹徒同步登入真幣安官網 買禮物卡轉出
伍女操作手機當下，歹徒同步利用她的帳號密碼登入真正的幣安官網，用帳戶內的虛擬貨幣購買禮物卡，並傳送簡訊以「要求解除限制，未操作將導致資金遺失」名義，要求伍女於釣魚網頁輸入驗證碼，再由「分身」於官網輸入資料，等到禮物卡購買成功，歹徒立即轉出，伍女等收到幣安通知有禮物卡轉出的提醒簡訊，才驚覺遭詐騙。
伍女表示，歹徒的網頁跟真的幣安網頁類似，害她被騙走約合新台幣四萬餘元的泰達幣及BNB幣；另名家住新北市的黃姓女子，也被以類似手法誆騙，損失近四萬元，警方說，目前雖僅兩人報案，但懷疑仍有其他被害人。
幣安公司︰用戶資料都嚴格保密
幣安公司則表示，用戶資料都會按照協議嚴格保密，提醒用戶應妥善保管電腦、電子郵件及帳戶等資料，若收到可疑簡訊，切勿直接點擊，請先比對發送簡訊內容、網址連結等是否為官方資訊；若無法立即辨識，可透過公司客服專線、電郵或官方LINE確認真偽，亦可撥打165反詐騙諮詢專線或110報案專線諮詢查證。
據了解，由於中國政府下令禁止加密貨幣交易，幣安將伺服器及總部遷移至國外，警方說，歹徒可能利用該公司名號亂槍打鳥，但也不排除是公司客戶資料流入坊間，正深入追查。
☆自由時報電子報提醒您，防詐騙專線︰165，報案專線︰110☆
不用抽 不用搶 現在用APP看新聞 保證天天中獎　 點我下載APP　 按我看活動辦法",https://news.ltn.com.tw/news/society/paper/1513557
自由日日shoot》釣魚簡訊 文末多附誘騙網址,2022/04/25 05:30,"伍女收到釣魚網簡訊上當連結網頁，幣安帳戶內虛擬貨幣遭盜買禮物卡轉出。 （記者姚岳宏翻攝）
2022/04/25 05:30
〔記者姚岳宏／台北報導〕台中伍姓女子收到釣魚簡訊，照指示操作因而破財，歹徒主要是利用亂槍打鳥方式發送簡訊，簡訊文字敘述不多，但會附上網址連結，利用民眾欲繼續了解的心態誘使點擊，連結後的網頁，整體設計、網址通常以假亂真，讓民眾無法準確辨識真偽，並依指示輸入帳號、密碼、甚至信用卡卡號，等收到銀行通知，才驚覺遭詐騙。
刑事警察局指出，釣魚詐騙簡訊推陳出新，且結合時事，最常見的是佯稱帳戶被盜，誘騙進入假銀行網站，確認某筆可疑消費；有時會假冒風災、震災，利用民眾同情心蒐集敏感資訊；甚至假冒電信業者提供折扣方案或手機升級方案，一旦連上假電信業者網頁，就會要求提供信用卡號、地址，並要求提供身分證號碼確認身分。
去年疫情期間，大多人宅在家，手機釣魚簡訊又以「包裹送達查詢網址」作為詐騙標的，明明沒有下單購物，手機簡訊卻突然收到通知：寫著包裹「商品已派發，預計送貨日期X月X日」，且文末還附上查詢網址以zupoe.com為結尾，誘騙民眾點擊，據指出，這類網址連結，幾乎全是高風險釣魚網站。
警方表示，當手機收到類似簡訊詐騙，第一步就是不要作任何點擊連結的動作，也可安裝可辨識陌生來電的Whoscall App，透過該App內建的簡訊連結檢查功能，辨識陌生簡訊的安全性，同時可撥打「165反詐騙諮詢專線」、或手機下載「165反詐騙」App諮詢求證，確保個資安全。
☆自由時報電子報提醒您，防詐騙專線︰165，報案專線︰110☆
不用抽 不用搶 現在用APP看新聞 保證天天中獎　 點我下載APP　 按我看活動辦法",https://news.ltn.com.tw/news/society/paper/1513558
假「幣安」網站發釣魚簡訊 盜投資人帳號密碼買禮物卡,2022/04/24 11:51,"「幣安」公司是全球性的加密貨幣交易所。（路透檔案照）
2022/04/24 11:51
〔記者姚岳宏／台北報導〕台中市一名從事服務業的35歲伍姓女子，經常會參與虛擬貨幣投資，卻在日前收到釣魚簡訊，內容表示「您所在地區帳戶將在近期中止」，並附上假的「幣安」公司連結網址，伍女不疑有他，輸入帳號簡訊，卻導致自己真正的帳號被盜，損失數萬元。
據了解，「幣安」公司是全球性的加密貨幣交易所，為超過100種加密貨幣提供交易平台，警方說，歹徒可能利用該公司名號亂槍打鳥，但也不排除是公司客戶資料流入坊間，正深入追查。
刑事局表示，伍女收到手機簡訊，內容表示「您所在地區帳戶將在近期中止」，並附上一則短網址連結，伍小姐點擊查看，發現是虛擬通貨交易所「幣安」網站，便依據網頁指示填輸個人登入帳號、密碼，但沒想到的是，她所輸入的網頁是歹徒架設的釣魚網站。
警方指出，伍女操作手機當下，歹徒同步利用她的帳密登入真正的幣安官方網站，將帳戶內的虛擬貨幣購買禮物卡，並連續傳送簡訊，以「要求解除限制，未操作將導致資金遺失」名義，要求伍女於釣魚網頁輸入驗證碼，「分身」再於官網輸入，等到禮物卡購買成功，歹徒再立即轉出，最後伍女收到幣安公司通知有禮物卡轉出的提醒簡訊，才驚覺遭詐騙。
幣安公司則表示，針對用戶資料都會按照協議嚴格保密，提醒用戶個人電腦設備、電子郵件以及帳戶資料亦應自行妥善保管，若收到可疑簡訊，切勿直接點擊，請先比對發送簡訊內容、短網址連結等是否為官方資訊；若無法立即辨識，可透過公司客服專線、電子郵件或官方LINE帳號確認真偽，亦可撥打165反詐騙諮詢專線或110報案專線諮詢、查證，避免遭受詐騙。
刑事警察局165反詐騙諮詢專線統計，今年1月至4月20日，有兩位民眾遭類似手法詐騙報案，總計財損約8萬餘元，提醒來路不明的網址千萬別亂點。
伍女收到的釣魚網站簡訊。（記者姚岳宏翻攝）
釣魚網站將伍女虛擬貨幣帳號內資金購買禮物卡後轉出。（記者姚岳宏翻攝）
伍女收到的釣魚簡訊。（記者姚岳宏翻攝）
不用抽 不用搶 現在用APP看新聞 保證天天中獎　 點我下載APP　 按我看活動辦法",https://news.ltn.com.tw/news/society/breakingnews/3903777
iPhone 詐騙新手法！接到「蘋果電話」卻因 iCloud 慘賠 1900 萬元,2022/04/22 11:30,"（圖／美聯社）
iPhone 用戶小心了！出現最新詐騙手法，專門瞄準用戶儲存在 iCloud 的虛擬貨幣數據，還會假冒成「蘋果公司」來電。
資安公司 Sentinel 創辦人 Serpent 近期在推特分享詐騙新案例，有用戶顯示為「蘋果公司」的電話、簡訊，手機都顯示為「Apple Inc.」，聲稱帳號異常為由，要求重新設定密碼，且要提供 2FA 簡訊驗證碼，以確認為 Apple ID 當事人。
實際上，詐騙集團在過程中，已經透過該名用戶的 Apple ID 與認證碼，入侵 iCloud 帳號之中，並取得儲存在雲端的 MetaMask 虛擬錢包數據，讓該受害者一口氣損失價值約 65 萬美元（約 1,900 萬元）的資產。
MetaMask 官方已經發文呼籲，建議 iPhne 使用者關閉 iCloud 的備份功能，且最好增加密碼強度，且不要提供任何認驗證碼、手機號碼等資訊。
蘋果在官網則有提供防止假支電話、釣魚簡訊的說明，表示詐騙集團可以聲稱自己是蘋果公司，寄送電子郵件、撥打電話等等，建議用戶不要提供信用卡號碼等個資，且使用 2FA 雙重認證保護 Apple ID，不要將密碼、驗證碼等資訊分享給任何人。若不確定是否真的為官方聯繫，可將簡訊、郵件或是相關資訊，轉寄給蘋果官方信箱（reportphishing@apple.com）求證。
《你可能還想看》
小心 Google Maps 藏「抓姦神器」！人在哪、手機電量多少都藏不住
不用抽 不用搶 現在用APP看新聞 保證天天中獎　 點我下載APP　 按我看活動辦法
iPhone
詐騙
虛擬貨幣
蘋果
iOS
資訊安全
產業新聞",https://3c.ltn.com.tw/news/48720
美再制裁俄 擴及虛擬貨幣,2022/04/22 05:30,"歐盟理事會主席米歇爾（左）廿日訪問烏克蘭，與烏國總統澤倫斯基（右）舉行會談，並造訪飽受戰火摧殘的烏國城鎮博羅江卡。米歇爾強調，歷史不會忘記俄軍在當地犯下的戰爭罪行，必須將其繩之以法，還給受害者公道。（路透）
2022/04/22 05:30
G7允今年援烏逾二四○億美元
〔編譯周虹汶／綜合報導〕俄羅斯進犯烏克蘭已八週，西方國家持續以各種行動聲援烏克蘭，包括廿日在「廿國集團」（G20）財長與央行總裁視訊會議時，美國、英國、加拿大在內的數國代表選在俄國代表準備發言時集體退席。此外，美國廿日再針對俄國祭出新制裁。「七大工業國集團」（G7）財政部長廿一日矢言今年提供烏國逾二四○億美元資金。
美8億軍援5億金援 禁俄船停靠
美國總統拜登廿一日在華府與烏克蘭總理什米加爾會晤後，宣布加碼提供烏克蘭八億美元軍事援助，與五億美元直接經濟援助，同時宣布禁止俄羅斯船隻停靠美國港口。
拜登表示，將再提供八億美元軍援給烏克蘭，以對抗入侵烏東頓巴斯地區的俄軍，其中包括重型火砲武器、數十枚榴彈砲、十四萬四千發彈藥與戰術無人機。除了軍援，美國也將再提供五億美元人道與經濟援助。
拜登同時宣布，任何懸掛俄羅斯國旗或是由俄羅斯所擁有或經營的船舶，都將不得停靠美國港口或進入美國海岸。拜登還說，目前沒有證據顯示馬立波已經陷於俄軍之手。
俄財長G20發言 美英荷加離席抗議
G20財政部長及中央銀行總裁會議廿日於美國華府召開，為該論壇在烏俄之戰開打後首度開會。美國先前要求G20輪值主席國印尼拒絕俄國財政部長與會，但不被印尼接受。會議開始後，當俄羅斯財政部長希魯阿諾夫準備發言時，美國財長葉倫、聯邦準備理事會主席鮑爾搶先離席，跟進的包括英國、荷蘭、加拿大官員與歐盟經濟執委。不過，西班牙、法國與德國官員沒有跟進，日本財務大臣鈴木俊一則以要當場譴責俄方為由而留下。加拿大副總理兼財長方慧蘭推文說，「世界民主國家不會袖手旁觀」，並附上多國官員一起離席後合影的照片。
俄富豪在美資產凍結 禁與之交易
美國廿日針對俄國商業銀行「TKB」等實體、寡頭及俄國虛擬貨幣挖礦企業「BitRiver」實施最新制裁。美國財政部表示，這是美方首次針對虛擬貨幣挖礦企業祭出制裁。「BitRiver」的數據中心設在西伯利亞。這波制裁名單含括逾四十個受制裁俄國實體或個人，以和俄國總統普廷交好的富豪馬洛費耶夫（Konstantin Malofeev）為首，其在美資產均遭凍結且美國人不許與之交易。
不用抽 不用搶 現在用APP看新聞 保證天天中獎　 點我下載APP　 按我看活動辦法",https://news.ltn.com.tw/news/world/paper/1513007
西班牙總理抵達基輔訪問 俄宣布攻下南部港城馬立波（不斷更新）,2022/04/21 23:59,"國際情勢緊張之際，俄國試射洲際彈道飛彈「薩爾馬特」。（歐新社）
2022/04/21 23:59
首次上稿 4/21 08:51
更新時間 4/21 23:59
〔即時新聞／綜合報導〕俄羅斯總統普廷無視全球譴責和多國制裁，2月24日逕行宣布對烏克蘭採取特殊軍事作戰，開啟戰爭。本報根據路透、法新社、彭博、CNN、BBC等外電，整理了截至台灣時間4月21日最新情勢發展，讓讀者快速掌握俄烏衝突最新進展。
*美國總統拜登（Joe Biden）今（21）日宣布再對烏克蘭提供價值8億美元的軍事援助與5億美元的經濟援助，協助抵抗俄羅斯的入侵。拜登甚至放話，俄羅斯總統普廷（Vladimir Putin）「永遠無法成功統治並佔有全烏克蘭」。
*彭博21日報導，瑞典外交部長林德（Ann Linde）接受該國公共電台Ekot頻道訪問時表示，針對瑞典一項可能成為北約成員國的申請，政黨可能加快審議過程，原本計畫5月底前完成討論時程，應會提早至5月13日。
*俄羅斯今（21）日宣布關閉波羅的海3國在俄羅斯境內的各一處領事館，作為對3國關閉俄國領事館的回應。
＊為了表達力挺烏克蘭，西班牙總理桑切斯（Pedro Sanchez）今（21日）稍早已抵達烏克蘭首都基輔（Kyiv），他也PO出影片表示，剛剛到基輔，還說「烏克蘭有西班牙的支持、團結和承諾」。
＊俄羅斯入侵烏克蘭將近2個月，許多西方國家持續軍援烏克蘭，立陶宛國防部長阿努斯豪斯卡斯（Arvidas Anushauskas）就透露，立陶宛已軍援烏克蘭一批重型迫擊砲作為支持，具體數字不公布，「但我們已經移交了很多」。
＊俄羅斯出兵侵略烏克蘭，俄軍犯下的許多暴行讓許多國家加大對俄羅斯的制裁與烏克蘭的援助，有消息指出由於俄軍因兵源與軍備嚴重不足，開始使用蘇聯時期的武裝載具。
＊俄羅斯塔斯社（TASS）21日報導，莫斯科法庭以非法散播烏克蘭極右派團體製作的影片為由，對美國企業Alphabet旗下的Google開罰400萬盧布（約台幣144.17萬元）。
＊俄軍目前正在烏東地區進行頓巴斯戰役（The Battle for the Donbas）。而稍早烏克蘭總統澤倫斯基（Volodymyr Zelensky）也透露，俄軍目前並未放棄發起新一波的大規模攻擊，如此一來才能「餵養」國家官宣機器，提供政府素材來進行宣傳。
＊俄羅斯出兵侵略烏克蘭，雖然烏克蘭全國一心，但卻有少部分烏克蘭人卻選擇站在侵略者這方，烏克蘭國家安全局（SBU）表示在哈爾科夫地區破獲一個內有大量彈藥與零件的俄軍秘密倉庫，這些軍備都是烏軍開戰前遺失的，目前已將相關涉案人士逮捕。
＊俄羅斯出兵侵略烏克蘭，俄軍在戰爭期間犯下種種暴行，例如姦淫婦女、性侵孩童、掠奪財物、濫殺無辜等，烏克蘭國防情報總局公布一段截獲的俄軍通訊，疑似俄軍軍官下令士兵處決所有的烏軍戰俘。
＊俄羅斯出兵侵略烏克蘭，烏軍以精準的情報，讓俄軍損失慘重，多名將領與指揮官都戰死沙場，有消息傳出頓涅茨克親俄魁儡軍指揮官阿格拉諾維奇（Sergei Agranovich）已經陣亡。
＊俄羅斯宣布攻下了烏克蘭南部重要港口城市馬立波（Mariupol），俄國防部長紹伊古（Sergei K. Shoigu）向總統普廷會報，稱已經控制馬立波，城內僅剩「亞速鋼鐵廠」（Azovstal）還在抵抗，普廷下令針對鋼鐵廠採取圍而不攻的戰術。
＊烏克蘭國家邊防局發言人德姆琴科（Andriy Demchenko）20日在記者會上指出，自2月24日俄羅斯總統普廷（Vladimir Putin）發動戰爭以來，隨著俄軍在基輔（Kyiv）周邊地區的撤離，已有逾100萬烏克蘭人返回家鄉。
＊俄羅斯出兵侵略烏克蘭已來到57天，雙方在烏克蘭東部頓巴斯區域展開激烈的攻防，烏克蘭武裝部隊總參謀部也在臉書發布最新戰報，指出烏軍在頓涅茨克和盧漢斯克地區擊退俄軍9次進攻。
＊俄羅斯進犯烏克蘭邁入第57天，目前俄軍正在烏東展開頓巴斯戰役（The Battle for the Donbas），誓言完成總統普廷（Vladimir Putin）解放該地區的目標。對此，英國軍方則認為，俄國極可能希望在5月9號的「勝利日」（Victory Day）前，結束戰爭。
＊俄羅斯入侵烏克蘭，傳為俄羅斯總統普廷一己復興蘇聯盛世的政治野心，意見分析，5月9日「勝利日」應為戰事關鍵時間點，如今烏克蘭部分土地被俄羅斯佔領，傳有部分地區出現二戰蘇聯勝利旗幟。
＊歐美國家持續輸送烏克蘭各式武器和軍援，除了官方外，「彈簧刀無人機」製造商空境公司（AeroVironment）也決定貢獻一臂之力，免費提供百架偵查無人機給烏軍使用。
＊俄羅斯出兵侵略烏克蘭，儘管烏克蘭全民上下一心，奮勇抵抗俄軍的侵略，但還是有少數的烏國民眾選擇站在侵略方的一邊，其中有一位親俄人士庫里雪夫（Valery Kuleshov）在車上遭槍殺身亡。
＊先前出動1萬人部隊「助攻」烏克蘭的車臣傀儡總統卡德羅夫（Ramzan Kadyrov），上月底曾稱他已協助俄羅斯拿下南部港口城市馬立波（Mariupol）。而稍早他再次公開指出，馬立波今（21日）就會陷落。
＊俄國入侵烏克蘭將滿2個月，兩軍正在烏東頓巴斯地區激戰，短時間恐難有結果。俄政府官員指出，俄國結束「特殊軍事行動」有幾個條件，包括烏克蘭去軍事化、去納粹化及消除北大西洋公約組織（NATO）威脅等。
＊俄羅斯出兵侵略烏克蘭，僅管戰爭開始時俄軍握有許多優勢，看似可以閃電併吞烏克蘭，但隨著時間的推移，俄軍攻勢屢屢受挫，俄羅斯當局也開始找戰犯，許多相關人士遭到清算，有消息傳出俄羅斯聯邦安全局逮捕了盧甘斯克佔領區的官員科內特（Igor Kornet）。
＊俄羅斯入侵烏克蘭後，中國宣稱抱持「中立態度」，堅持不譴責俄國的侵略行為。中國駐俄羅斯大使張漢暉20日表示，中俄關係達到前所未有的高水準。
＊俄羅斯侵略烏克蘭，烏克蘭全國上下一心奮勇抵抗，除了軍方英勇作戰外，民眾也在以自己的方式努力，有烏克蘭人士發起募資，要給烏克蘭空軍買一架戰機。
＊盧甘斯克（Luhansk）州州長蓋戴（Serhiy Gaidai）透露，州內80%的領土已遭到俄軍控制。
＊美國媒體引述美國國防高級官員表示，由於各國提供烏克蘭大批戰機零組件，烏克蘭空軍已增加約20架戰機可用，戰機數量比起3週前還多。
＊烏俄自2月底爆發戰爭後，多國政經情勢都接連受到衝擊，近日世界銀行總裁馬爾帕斯（David Malpass）接受英國媒體訪問時也不諱言地說，全球正在面臨一場因「侵烏戰爭」而導致的「糧食危機」，恐對人類釀成災難。
＊英國首相強森（Boris Johnson）以「鱷魚」一詞形容普廷，表示與普廷打交道就像把腿放進鱷魚嘴裡，西方持續「武裝」烏克蘭非常重要。
＊德財政部長林德納（Christian Lindner）指出，德國正以最快速度切斷對俄國的能源依賴，但強調這需要時間，最後的目標是不再和普廷有進一步的商業往來。
＊芬蘭國會就是否加入北約現行辯論，社會民主黨和中央黨等主要政黨皆表態支持軍事結盟或加入北約。
＊俄羅斯副財政部長馬克西莫夫（Timur Maksimov）在G20會議上發言時，美國、英國和加拿大代表集體離席表達抗議。
＊美財政部擴大對俄制裁，名單包括商業銀行「Transkapitalbank」及寡頭馬洛費耶夫（Konstantin Malofeev）等超過40人，另首度納入虛擬貨幣採礦公司「Bitriver」。
＊俄羅斯總統普廷（Vladimir Putin）表示，俄國已成功試射可攜核武的「薩爾馬特」（Sarmat）式洲際彈道飛彈，這項武器將使克里姆林宮的敵人「三思而後行」。
不用抽 不用搶 現在用APP看新聞 保證天天中獎　 點我下載APP　 按我看活動辦法",https://news.ltn.com.tw/news/world/breakingnews/3900278
自己國家自己救！ 烏克蘭民間發動募資 為空軍買戰機,2022/04/21 12:44,"烏克蘭民間人士發起募資，打算為烏克蘭空軍買架戰鬥機。（彭博/示意圖）
2022/04/21 12:44
〔即時新聞／綜合報導〕俄羅斯侵略烏克蘭，烏克蘭全國上下一心奮勇抵抗，除了軍方英勇作戰外，民眾也在以自己的方式努力，有烏克蘭人士發起募資，要給烏克蘭空軍買一架戰機。
綜合外媒報導，「給我買一架戰鬥機（#buymeafighterjet）」的活動發起人納扎魯克（Yurko Nazaruk）表示，如果北約組織不願在烏克蘭設置禁航區，西方各國害怕俄羅斯而不敢出售戰機，那烏克蘭只好自己解決，為自己的軍隊購買飛機。
募資網站寫著「許多人覺得為戰機募資是不可能的，但事實上，一架全新的MIG-29飛機的成本約為2000萬美元（約台幣5億8445萬元），而世界上有許多庫存的Su和MIG戰機可能可以用更低的價格購買到。」
截至4月18日為止該活動已募資5500萬歐元（約台幣17億4089萬元），3月開始也開放虛擬貨幣的捐款。
募資網站
不用抽 不用搶 現在用APP看新聞 保證天天中獎　 點我下載APP　 按我看活動辦法",https://news.ltn.com.tw/news/world/breakingnews/3900318
制裁無死角 美財政部首度打擊俄虛擬貨幣挖礦公司,2022/04/21 07:24,"拜登政府持續擴大對俄制裁。（歐新社）
2022/04/21 07:24
〔即時新聞／綜合報導〕美國政府宣布新一輪對俄制裁，目標鎖定助長侵略企業的商業實體和個人，還首度納入了俄國的虛擬貨幣企業，顯示出全方對俄金融體系的全方位打擊。
《CNBC》報導，美財政部當地時間週四公布擴大對俄制裁，名單包括商業銀行「Transkapitalbank」及寡頭馬洛費耶夫（Konstantin Malofeev）等超過40人。這些機構和個人被認定協助克里姆林宮躲避經濟制裁。
拜登政府提到，此次打擊的對象還有全球第三大的俄國虛擬貨幣採礦公司「Bitriver」，因為他們協助俄政府把出口貨品和其他天然資源貨幣化。
美財政部副部長尼爾森（Brian Nelson）表示，「財政部既能夠，也將會鎖定這些迴避、試圖迴避或協助迴避美國對俄制裁的對象。因為他們現在的作為，是支持普廷所選擇的殘酷戰爭。」
尼爾森強調，「美國會努力確保這些制裁和我們的國際夥伴一致，削弱克里姆林宮的力量及投入戰爭的能力。」
財政部官員提到，「受益於天然資源和寒冷天氣，俄國在虛擬貨幣挖礦上有著相對優勢。然而，挖礦企業得仰賴進口電腦零件和法定支付，這讓他們在面對制裁時特別脆弱。」
不用抽 不用搶 現在用APP看新聞 保證天天中獎　 點我下載APP　 按我看活動辦法",https://news.ltn.com.tw/news/world/breakingnews/3900250
Whoscall示警 虛擬貨幣詐騙簡訊暴增,2022/04/21 05:30,"陌生來電辨識App Whoscall示警，近期假冒虛擬貨幣交易所的釣魚簡訊暴增，未來一週恐出現更多詐騙釣魚簡訊。圖為虛擬貨幣提款機示意圖。（彭博）
〔記者方韋傑／台北報導〕新詐騙手法興起，不少民眾近期收到帶有連結的陌生簡訊，若點擊連結當心加密帳戶遭犯罪集團「清零」！陌生來電辨識App Whoscall開發商Gogolook發現假冒虛擬貨幣交易所的釣魚簡訊，如同去年春節期間假冒銀行展開釣魚簡訊詐騙的翻版，未來一週恐出現更多詐騙釣魚簡訊。
假冒虛擬貨幣交易所釣魚簡訊 點選恐帳戶清零
Gogolook昨表示，此次釣魚簡訊透過仿冒網頁的形式，誘使受害者輸入虛擬帳戶的帳號密碼及驗證碼，詐騙集團同步記錄資訊且登入受害者帳戶，讓受害者仍停留在假網頁，持續輸入第二次與第三次驗證碼，授權詐騙集團使用自己的帳戶創建禮物卡並轉出帳戶，造成加密資產「清零」。
Gogolook軟體與AI數據技術研發總監李彥儒指出，目前假冒虛擬貨幣交易所詐騙簡訊，也出現在日、韓等地區，詐騙集團更是連日變換詐騙簡訊的文案、生成新網域，企圖增加民眾上當機率。
針對近期用戶大量收到釣魚簡訊，幣安台灣市場負責人Terry Huang提醒用戶，對加密市場的騙術提高警覺，避免資金損失，由於區塊鏈轉帳的不可逆和用戶資訊的匿名性，一旦轉帳或讓帳戶資訊洩露出去，資金可能無法追回。
對於釣魚簡訊可能帶來巨額損失，Whoscall呼籲，民眾多運用簡訊辨識功能或直接向業者、一六五反詐騙專線查證，切勿任意點選陌生簡訊中的可疑連結並輸入個人資料。
一手掌握經濟脈動 點我訂閱自由財經Youtube頻道
不用抽 不用搶 現在用APP看新聞 保證天天中獎　 點我下載APP　 按我看活動辦法",https://ec.ltn.com.tw/article/paper/1512851
撤銷對俄最惠國待遇 日通過修法,2022/04/20 15:19,"日本週三（20日） 通過法津修正案正式撤銷俄羅斯的最惠國待遇。（路透）
〔財經頻道／綜合報導〕日本週三（20日） 通過法津修正案正式撤銷俄羅斯的最惠國貿易待遇，將實施至2023年3月底，因為俄羅斯軍方對烏克蘭平民普遍實施暴行，東京加大制裁俄國力度。
剝奪俄羅斯的最惠國待遇是日本對莫斯科的最新反制，貿易地位的撤銷適用於所有俄羅斯進口產品的關稅，也是首相岸田文雄上個月宣布制裁措施清單的一部分，其中還包括驅逐8名俄羅斯外交官和貿易官員。
日本議會撤銷俄羅斯的最惠國待遇，其中俄羅斯鮭魚關稅稅率將從現行3%增加到5%，螃蟹從4%增至6%；不過原油、液化天然氣與稀有金屬鈀的稅率不受影響。
日本制裁俄羅斯，再加上其他國家集體實施的制裁，預計將加大對俄羅斯的壓力，但也可能引發莫斯科的報復。
日本週三的議會決定還包括對外匯法的修訂，以防止被資產凍結者持有的虛擬貨幣轉移。
一手掌握經濟脈動 點我訂閱自由財經Youtube頻道
不用抽 不用搶 現在用APP看新聞 保證天天中獎　 點我下載APP　 按我看活動辦法",https://ec.ltn.com.tw/article/breakingnews/3899531
釣魚簡訊「變形版」換人騙！這次小心虛擬貨幣帳戶被搬空,2022/04/20 15:14,"Whoscall表示，受害者給出虛擬貨幣帳戶帳號密碼與驗證碼後恐遭盜光。（圖Whoscall提供）
手機釣魚簡訊詐騙手法不斷推陳出新，且變種版本持續佈下引誘的陷阱與話術，也越來越多變！
據陌生來電辨識軟體 Whoscall 近期觀察，上百封假冒知名虛擬貨幣交易所的釣魚簡訊以及逾5個詐騙網域。詐騙集團以「帳戶凍結、更新帳戶」之名，誘使民眾在假網頁中陸續輸入虛擬貨幣帳戶資訊以及雙重驗證碼，導致帳戶內資產遭以禮品卡的形式全數盜取。
Whoscall 提醒假冒虛擬貨幣交易所釣魚簡訊持續變形。（圖Whoscall提供）
Whoscall進一步分析指出，目前假冒虛擬貨幣交易所的釣魚簡訊，透過仿冒網頁的形式，誘使受害者輸入虛擬帳戶的帳號密碼以及驗證碼。正常的登錄步驟，為輸入雙重驗證碼之後，即可成功轉跳至登錄平台，且無須停留於輸入驗證碼的畫面。
然而，最新的釣魚詐騙陷阱卻是在輸入完雙重驗證碼之後，仍持續停留在輸入驗證碼的假網頁畫面中，讓受害者誤以為沒有登錄成功，並持續輸入第二次與第三次的驗證碼。
假冒虛擬貨幣交易所的釣魚簡訊受害者，用假冒網頁與設下的陷阱，暗中搬光受害者的加密資產。（圖Whoscall提供）
與此同時，也就讓詐騙集團抓到有機可趁的機會，當受害者還在假冒的釣魚網頁畫面持續輸入第二次與第三次驗證碼，這時詐騙集團則是在後台用自己的帳戶與暗中盜取的帳號密碼與驗證碼，以創建禮品卡的形式，並把上當受騙民眾存放在加密貨幣交易所的加密資產從帳戶轉出，造成帳戶的加密資產全被搬空，無一不剩。
據悉，上述所提到的假冒虛擬貨幣交易所詐騙簡訊手法，除台灣之外，同時間也出現在韓國與日本等地區，且連日變換詐騙簡訊的文案、生成新網域，企圖增加民眾上當的機率。預估接下來的一週內，有非常高的機率會有更多虛擬貨幣交易所遭到假冒，如同去年春節期間假冒國內銀行進行釣魚簡訊詐騙的翻版。
針對近期用戶大量收到偽冒的釣魚簡訊，幣安台灣市場負責人 Terry Huang 呼籲提醒：「由於區塊鏈轉帳的不可逆和用戶資訊的匿名性，一旦發生對應的轉帳或讓帳戶資訊洩露出去，資金或將無法追回。」
手機收到陌生簡訊並帶有不明的可疑連結時，需謹慎提高警覺，建議可運用具有簡訊辨識可疑連結功能的工具軟體（如Whoscall 智慧簡訊管家功能）自動過濾詐騙簡訊，或直接向反詐騙諮詢專線165、或業者查證，切勿任意點選陌生簡訊中的可疑連結並輸入個人資料。
你可能也想看
博客來警示有不法集團想偷帳密！「五招」保護自己存款
不用抽 不用搶 現在用APP看新聞 保證天天中獎　 點我下載APP　 按我看活動辦法
釣魚
簡訊
虛擬貨幣交易所
反詐騙諮詢專線
165
智慧簡訊管家
whoscall
手機應用
資訊安全",https://3c.ltn.com.tw/news/48689
新詐騙手法「清零」加密貨幣帳戶 未來一週恐更多釣魚簡訊,2022/04/20 14:23,"Whoscall開發商Gogolook今天表示，目前有假冒虛擬貨幣交易所的釣魚簡訊，盜光受害人的加密資產。（Gogolook提供）
〔記者方韋傑／台北報導〕陌生來電辨識App Whoscall開發商Gogolook今天表示，近日觀察到假冒虛擬貨幣交易所的釣魚簡訊，透過仿冒網頁的形式，誘使受害者輸入虛擬帳戶的帳號密碼以及驗證碼，詐騙集團同步記錄資訊且登入受害者帳戶，讓受害者仍停留在假網頁，持續輸入第2次與第3次的驗證碼，授權詐騙集團用自己的帳戶創建禮物卡後轉出帳戶，造成帳戶加密資產「清零」，而未來一週恐有出現更多釣魚簡訊展開詐騙。
Gogolook軟體與AI數據技術研發總監李彥儒表示，目前國內的假冒虛擬貨幣交易所詐騙簡訊手法，同時也出現在韓國、日本等地區，詐騙集團更是連日變換詐騙簡訊的文案、生成新網域，企圖增加民眾上當的機率，未來一週內高機率會有更多虛擬貨幣交易所遭到假冒，如同去年春節期間假冒國內銀行展開釣魚簡訊詐騙的翻版。
針對近期用戶大量收到偽冒的釣魚簡訊，幣安台灣市場負責人Terry Huang指出，隨著加密市場蓬勃發展，越來越多民眾接觸加密貨幣交易，也讓詐騙分子有機可趁，提醒廣大用戶應對加密市場的騙術提高警覺，避免資金損失，由於區塊鏈轉帳的不可逆和用戶資訊的匿名性，一旦發生對應的轉帳或讓帳戶資訊洩露出去，資金可能無法追回。
面對釣魚簡訊可能帶來的巨額損失與威脅，Whoscall智慧簡訊管家功能運用AI技術，結合Google釣魚連結防範服務資料庫、刑事局165反詐騙諮詢專線、金融資安資訊分享與分析中心等第3方資料庫，在第一時間辨識出最新的釣魚簡訊特徵。
一手掌握經濟脈動 點我訂閱自由財經Youtube頻道
不用抽 不用搶 現在用APP看新聞 保證天天中獎　 點我下載APP　 按我看活動辦法",https://ec.ltn.com.tw/article/breakingnews/3899492
台中+50！雲林龍鳳胎到台中抓周染疫 市府：應與活動無關,2022/04/19 16:38,"台中市今天新增確診個案50人，盧秀燕說明疫情。（記者蔡淑媛攝）
2022/04/19 16:38
〔記者蔡淑媛／台中報導〕台中市今天新增50例確診個案，再創今年單日新高，年齡從4歲到74歲，其中6例有去參加過阿妹演唱會，累計17人染疫，明道中學也爆出2學生確診，策展公司再增4例，已累積17人染疫，宜蘭進香團群聚、臻愛會館虛擬貨幣聚會、科技公司、高爾夫球練習場、逢甲校友會，及宜蘭進香團都增加1到2人確診，疫情愈來愈嚴峻。
另備受關注的雲林一對1歲龍鳳胎，本月9日到台中南屯親子館參加抓周活動疑似染疫，包括龍鳳胎的外公也確診，但17日發病、18日確診，以發病前4天可傳染期推測，衛生局長分析應與該活動無關，同時追蹤參加活動家長20人、小孩13人加上工作人員共39人，也無人有症狀或發病。
相關新聞請見︰
「武漢肺炎專區」請點此，更多相關訊息，帶您第一手掌握。
不用抽 不用搶 現在用APP看新聞 保證天天中獎　 點我下載APP　 按我看活動辦法",https://news.ltn.com.tw/news/life/breakingnews/3898363
中市+41 多個既有傳播鏈仍在延燒,2022/04/18 14:14,"台中市今天新增41例確診個案，創今年單日新高。（記者蔡淑媛攝）
2022/04/18 14:14
〔記者蔡淑媛／台中報導〕台中市今天新增41例確診個案，創今年單日新高，幾乎是昨天21例的2倍，昨天新爆出亞大學生確診前曾去夜唱KTV、逢甲大學校友會群聚、及中國醫藥附設醫院的護理師感染案，還有多個既有傳播鏈仍在延燒，以及縣市移動造成感染也持續增加，市府將於下午4點開記者會說明，市長盧秀燕將進行說明。
台中市昨日新增21個確診個案，包括中國醫藥大學附設醫院有1名護理師確診，引發醫院緊張，另有阿妹演唱會群聚、宜蘭環島進香團、臻愛會館虛擬貨幣群、西屯策展公司群聚、成功嶺群聚再擴大，分別新增2人，還有爆出科技公司、亞大學生群聚案各2人，另有南孫北送造成阿嬤染疫，以及要注意的是逢甲大學校友會、亞大夜唱KTV可能群聚感染，都在持續監測。
相關新聞請見︰
「武漢肺炎專區」請點此，更多相關訊息，帶您第一手掌握。
不用抽 不用搶 現在用APP看新聞 保證天天中獎　 點我下載APP　 按我看活動辦法",https://news.ltn.com.tw/news/life/breakingnews/3897026
近17萬兒童擬施打 台中市府展開規劃,2022/04/18 05:30,"2022/04/18 05:30
〔記者蔡淑媛／台中報導〕武漢肺炎新增確診數連三天破千例，全國加緊打疫苗，中市在十六到十八日開設四十八處快打站，這兩天已施打近七萬人，今天還有北屯場次開設，另中央通過莫德納疫苗六至十一歲適應症的緊急使用授權（EUA），台中全市六到十一歲兒童人數有近十七萬人，市長盧秀燕表示，市府內部已展開規劃作業。
市府開設社區快打站，首日施打三萬七千三百八十六劑，第二天三萬一千九六十七劑，兩日共接種六萬九千三百五十四劑，而這次快打站開放到三十歲以上，全市符合第三劑資格者約三十三萬人，原本預計約有三成的市民來施打，情形仍屬踴躍。
盧秀燕表示，台中人口最多的北屯區，快打站十八日加開，若其他區民眾想施打，也可手持疫苗通知單前往北屯接種；快打站服務時間截止後，各大醫療院所的施打服務仍會持續提供。目前全市疫苗涵蓋率第一劑約八十八％、第二劑是八十三％、第三劑約五十六％。
針對兒童疫施打，中市統計全市幼童有將近十六萬九千四百五十七人，週三中央會再召開專家學者會議定案，市府後續也會按照中央指引，儘速完成六歲至十一歲幼童的施打規劃。
針對快篩試劑，中市原本庫存僅夠五天用量，衛生局原購買三萬劑被中央徵用，現已新購八千劑，加上目前庫存六、七千劑，還足夠二至三週量能，也會持續向中央爭取。
台中市昨日新增二十一個確診個案，包括中國醫藥大學附設醫院有一名護理師確診，另有阿妹演唱會群聚、宜蘭環島進香團、臻愛會館虛擬貨幣群、西屯策展公司群聚、成功嶺群聚再擴大，分別新增二人，還有爆出科技公司、亞大學生群聚案各二人，另有南孫北送造成阿嬤染疫，以及要注意的是逢甲大學校友會、亞大夜唱KTV可能群聚感染，都在持續監測。
不用抽 不用搶 現在用APP看新聞 保證天天中獎　 點我下載APP　 按我看活動辦法",https://news.ltn.com.tw/news/life/paper/1512361
台中市4/18加開北屯疫苗快打站 盧秀燕：兒童疫苗已展開規劃,2022/04/17 23:39,"盧秀燕說明疫苗施打情形，針對中央通過莫德納疫苗6至11歲適應症的緊急使用授權（EUA）中市兒童人數有近17萬人，市府內部已展開規劃作業。（記者蔡淑媛攝）
2022/04/17 23:39
〔記者蔡淑媛／台中報導〕全國武漢肺炎（新型冠狀病毒病，COVID-19）新增確診數連3天破千例，全國加緊打疫苗，台中市在16到18日開設48處快打站，這2天已施打近7萬人，明天還將開設北屯場；另中央通過莫德納疫苗6至11歲緊急使用授權（EUA），市長盧秀燕今天在防疫記者會表示，全市6到11歲兒童有近17萬人，市府已展開規劃作業。
針對快篩試劑，台中市原本庫存原僅夠5天用量，衛生局原購買3萬劑被中央徵用，現已新購8千劑，加上目前庫存6、7千劑，根據1週使用4千到6千劑，還足夠2至3週量能，也會持續向中央爭取。
市府開設社區快打站，首日施打3萬7386劑，第2天3萬1967劑，兩日共接種6萬9354劑，而這次快打站開放到30歲以上，全市符合第3劑資格者約33萬人，施打情形仍屬踴躍。
盧秀燕表示，台中人口最多的北屯區，快打站18日加開，若其他區民眾想施打，也可手持疫苗通知單前往北屯接種；快打站服務時間截止後，各大醫療院所的施打服務仍會持續提供，呼籲各位市民朋友把握時間，即早完成第三劑疫苗施打，未來出入各種公眾場所，才會更方便，目前全市疫苗涵蓋率第一劑約88%、第二劑是83%、第三劑約56%。
另中央今日通過莫德納疫苗6至11歲適應症的緊急使用授權（EUA），民政局長吳世瑋表示，統計全市6至11歲兒童共16萬9457人，星期三中央會再召開專家學者會議定案，市府後續也會按照中央指引，儘速完成6歲至11歲幼童的施打規劃。
台中市今天新增21個確診個案，包括中國醫藥大學附設醫院有1 名小兒科病房護理師確診，引發醫院緊張，另有阿妹演唱會群聚、宜蘭環島進香團、臻愛會館虛擬貨幣群、西屯策展公司群聚、成功嶺群聚再擴大，分別新增2人，還有爆出科技公司、亞大學生群聚案各2人，另有南孫北送造成阿嬤染疫，以及要注意的是逢甲校友會、亞大夜唱KTV可能群聚感染，都在持續監測。
相關新聞請見︰
「武漢肺炎專區」請點此，更多相關訊息，帶您第一手掌握。
台中市環保局清消故鄉KTV足跡。（記者蔡淑媛翻攝）
台中市衛生局長曾梓展今天說明，快篩試劑已增購8千劑，足夠2、3週使用。（記者蔡淑媛攝）
不用抽 不用搶 現在用APP看新聞 保證天天中獎　 點我下載APP　 按我看活動辦法",https://news.ltn.com.tw/news/life/breakingnews/3896568
阿妹演唱會再爆確診 逢甲校友會也傳群聚,2022/04/17 22:09,"逢甲校友會傳群聚，衛生局呼籲參加者主動採檢。（市府提供）
2022/04/17 22:09
〔記者蔡淑媛／台中報導〕台中今天新增21名確診個案，其中前日公佈確診的60多歲的西屯區會計師，在台北林口打高爾夫球聯誼染疫，10日參加逢甲校友會後，同場校友會的西屯30多歲女性也染疫，衛生局指出校友會有2輛遊覽車旅遊，擔心疫情擴大，除了疫調匡列隔離採檢，也呼籲參加者主動前往採檢。
另阿妹演唱會再+2，目前中市已累計7人染疫，新增分別是案33715的北屯40多歲、從事網購的女性，12日參加阿妹演唱會，以及案34215的20多歲的女家教師，12日也參加阿妹校友會，已匡列4名學生、家長。
衛生局長曾梓展指出，案31329會計師曾北上到林口打高爾夫球聯誼，因同隊友確診而染疫，後來參加逢甲校友會，現在又發現同場校友會也有人確診，為案33718的30多歲女性也染疫，由於兩人都參加該場校友會，擔心疫情擴大，呼籲參加者或接觸者主動前往採檢。
市長盧秀燕表示，今日新增確診病例，包括外縣市足跡或接觸確診者新增6例、已知群聚案新增12例、密切接觸者增1例、感染源不明或疫調中新增2例，疫情仍然嚴峻，請大家務必做好防疫措施。
曾梓展表示，中國醫藥大學附設醫院有1名小兒科病房護理師確診，引發醫院緊張，另有阿妹演唱會群聚+2，中市累計有5人確診；宜蘭環島進香團+2，共7人確診；臻愛會館虛擬貨幣群聚+2，共6人染疫；設計公司群聚+2共7人；西屯策展公司群聚也+2，該一行11人，已有7人染疫；成功嶺群聚再擴大+2，共有3人確診，還有爆出科技公司群聚、亞大學生群聚案各2人，另有南孫北送造成阿嬤染疫，目前要注意的是逢甲校友會、亞大夜唱KTV可能群聚感染，都在持續監測。
還有另外還有6例縣市足跡的新確診者，2例新增確診個案，是今天上午通報，為案34214是30多歲保險男，足跡有方房、武術館等，以及另1名70多歲男，曾到霧峰、苑里的高爾夫球場，15日不適，16日採檢確診。
中市也公佈足跡，台中市新增確診個案足跡包括4月12日西區茗人茶坊（向上店）、東區肯德基（台中後車站餐廳）、北屯區佳賓黑白切、六扇門時尚湯鍋霧峰店；4月13日向上市場（Manyha燉飯、有心臭豆腐、洪紅茶冰）、霧峰區亞大快餐、清原芋圓霧峰中正店；4月14日西區渡山樓拉麵店、海底撈火鍋台中廣三SOGO店；4月15日南屯區小義大利、海底撈火鍋台中廣三SOGO店、故鄉庭園自助式KTV-旱溪店；4月16日故鄉庭園自助式KTV-旱溪店，市府已通知相關場域清消，請有足跡重疊民眾，可至台中市社區篩檢站篩檢，並加強自我健康監測。
相關新聞請見︰
「武漢肺炎專區」請點此，更多相關訊息，帶您第一手掌握。
不用抽 不用搶 現在用APP看新聞 保證天天中獎　 點我下載APP　 按我看活動辦法",https://news.ltn.com.tw/news/life/breakingnews/3896537
錯報活動藝人名單 盧秀燕道歉,2022/04/17 05:30,"2022/04/17 05:30
〔記者蘇金鳳／台中報導〕有關台中臻愛會館虛擬貨幣說明會有確診足跡，因有多位藝人參加引發關切，台中市長盧秀燕昨天下午在防疫記者向昨天誤公佈鼓鼓及孫生有參加感到抱歉，另外所公佈十三位藝人確實有參加，一一連繫後已進行快篩皆是陰性，且將調查會館是否實聯制不實及主辦的科技公司涉及未配合影響疫調，若查實屬，前者將罰三千至一萬五千，後者者則裁罰六至三十萬。
另，台中市政府昨天召開防疫記者會，宣佈新增四十例，有一例是外縣市感染，其中有五位是西屯同一家公司的職員，一同到高雄市策展，回到台中後陸續發病確診；另外，有一名參加有確診足跡的羅東進香團的男子，是中火協力商，十三、十四在中火工作，昨天確診，還有一名新兵入伍前一天十二日採陰，十三日到成功嶺報到感到不舒服，昨天確診，還有一位參加阿妹演唱會的軍人也確診，因此台中市人參加演唱會群聚案累計共有五人確診，東勢校園群聚新增三名學童媽媽染疫，已累計共二十三人確診。
盧秀燕表示，前天衛生局人員有前往「臻愛會館」查核，會館人員表示當日約有四百八十人參與活動，入場民眾皆有要求掃描QR Code才得進入會場，至於掃描筆數與實際人數有落差的原因，可能是同行者於掃實聯制時會以加註數字的方式記錄同行人數導致。
不過，盧秀燕表示，衛生局還是針對人數查核，如有不實，將依法裁罰三千到一萬五罰鍰；另外，請活動辦理單位提供活動參加名單確認，如涉未配合或疫調不實，將依據傳染病防治法處新台幣六萬以上、三十萬以下罰鍰。
不用抽 不用搶 現在用APP看新聞 保證天天中獎　 點我下載APP　 按我看活動辦法",https://news.ltn.com.tw/news/life/paper/1512155
豪宅男偷鄰居千萬RM名表 典當爽買保時捷轎跑車,2022/04/16 21:12,"台北市中山區一戶豪宅8日遭宵小闖空門竊走2只Richard Mille名表，警方鎖定同棟租屋鄭姓男鄰居（右圖）涉有重嫌，日前循線逮捕，查知他將手表典當900多萬元，花422萬元買了1輛保時捷。（記者邱俊福翻攝；本報合成）
2022/04/16 21:12
〔記者邱俊福／台北報導〕台北市中山區一棟一樓一戶豪宅8日遭宵小闖空門，竊走2只Richard Mille名表與約百萬元現金，警方鎖定同棟租屋鄭姓男鄰居涉有重嫌，日前循線逮捕，查知他將手表典當900多萬元，豪氣花422萬元買了1輛保時捷，其餘還錢與給家人投資用，身上只剩44萬多元。
警方調查，33歲鄭嫌沒有前科，以每月7、8萬元租金承租豪宅2樓。他自稱從事投資虛擬貨幣，近期投資失利欠千萬元，才鋌而走險，鎖定在國外旅行的鄰居，趁機闖空門。
警方說，8日下午，鄭嫌從2樓住處走安全梯到被害人6樓住處，可能利用被害人安排清潔人員到宅打掃忘記鎖門的機會侵入，偷走儲物櫃桌上兩只Richard Mille名表，包括市價約500萬元的RM 07-01 Rose Gold Diamond限量女表與市價約600萬元的RM 67-01 Rose Gold Diamond紅金鑲鑽名表，還偷走屋內美金、港幣、台幣等約百萬元。
被害人大門上、下各有一處鎖頭，鄭嫌得手離去時，偷走1副備用鑰匙，將大門的下方鎖頭鎖住，不久清潔人員要進入打掃時，驚覺跟原本鎖住上方的方式不同，馬上請鎖匠開鎖，透過視訊方式跟被害屋主取得聯繫，確認遭宵小入侵。
轄區北市警中山分局大直派出所據報成立專案小組，調閱監視器畫面，同時分析贓物流向等相關資料，鎖定鄭姓鄰居涉案，查知鄭嫌犯案後將兩只名表拿到北市當鋪典當得手900多萬元，鎖定他藏匿於台中市沙鹿地區一家旅館。
本月13日凌晨3點左右，警方持拘票到台中逮捕鄭嫌，起出剩餘贓款約44萬，以及購得的保時捷轎跑車，詢後依竊盜罪移送台北地檢署偵辦。
警方查扣的保時捷轎跑車。（記者邱俊福翻攝）
鄭姓男子被逮送辦。（記者邱俊福翻攝）
不用抽 不用搶 現在用APP看新聞 保證天天中獎　 點我下載APP　 按我看活動辦法",https://news.ltn.com.tw/news/society/breakingnews/3895669
台中+40！西屯爆公司5人群聚 進香團男中火上班2天確診,2022/04/16 18:33,"台中市長盧秀燕說，今天新增40例，但1例是外縣市，應該是39例。（記者蘇金鳳攝）
2022/04/16 18:33
〔記者蘇金鳳／台中報導〕台中市政府今天宣布新增40例本土確診，1例是外縣市，因此只有39例。其中，某公司5名職員一同到高雄市策展，回到台中後陸續發病確診；1名男子參加有確診足跡的羅東進香團，到中火上班2天就確診；還有1名剛到成功嶺新兵，以及參加阿妹演唱會的軍人確診，台中市參加演唱會群聚案累計5人確診；東勢校園群聚今天新增3名學童媽媽染疫，累計23人確診。
台中市長盧秀燕說，今天新增感染案例共39例，分為四類，包括外縣市足跡或接觸確診者新增11例、已知群聚案新增23例、密切接觸者增4例、感染源不明或疫調中新增1例。
衛生局長曾梓展說，今天所增加的39例，有3例是東勢校園群聚，染疫幼兒及國小生的媽媽，已累計23人確診
另外，羅東進香團今天新增有3人確診，其中一對是夫妻，60多歲先生4月11日到中火應徵，13至14日上班兩天後確診，羅東進香團累計已5人確診。
此外，西屯一家公司的5名職員4月8日到4月12日一同到高雄市策展，回到台中後陸續發病確診。
另外有3人在一家傳產公司上班，其中1人有南投旅遊史，回到工作崗位後傳染給其他兩位同事
此外，烏日臻愛會館舉辦的虛擬貨幣招商感染鏈今天新增1名感染者，累計共4人確診。
22歲要到成功嶺入伍的新兵，入伍前4月12日快篩陰性，13日入伍身體有狀況，今天確診。
相關新聞請見︰
「武漢肺炎專區」請點此，更多相關訊息，帶您第一手掌握。
西屯的一家公司的5位職員，4月8日到4月12日一同到高雄市策展，回到台中後陸續發病確診（台中市政府提供）
東勢校園群聚案新增3例。（台中市政府提供）
羅東進香團有3人染疫，其中一對夫妻的先生到中火後才發現確診。（台中市政府提供）
不用抽 不用搶 現在用APP看新聞 保證天天中獎　 點我下載APP　 按我看活動辦法",https://news.ltn.com.tw/news/life/breakingnews/3895635
再度向鼓鼓及孫生致歉 盧秀燕：其他13名藝人快篩都陰性,2022/04/16 17:42,"台中市長盧秀燕再度向鼓鼓及孫生致歉，她也說，當天到虛擬貨幣說明會13位藝人快篩都陰性。（記者蘇金鳳攝）
2022/04/16 17:42
Play
Current Time 
00:00
/
Duration 
01:14
Unmute
Fullscreen
開啟音效









〔即時新聞／綜合報導〕台中臻愛會館虛擬貨幣說明會有確診足跡，因為多名藝人到場引發關切，台中市政府昨天誤公布鼓鼓及孫生有參加，市長盧秀燕今天說，對於造成他們的困擾深感抱歉。她說，其他13名藝人名單是正確的，快篩都是陰性，市府將調查會館是否實聯制不實，以及主辦的科技公司涉及未配合影響疫調，若查實屬，前者將罰3000至1萬5000元，後者則裁罰6至30萬元。
台中市政府今天下午4點召開防疫記者會，市長盧秀燕說，昨天公布廠商提供4月9日參加虛擬貨幣聚餐藝人名單，其中，孫生、鼓鼓他們都沒有參加這場活動，並且都有遵守防疫規定，造成他們的困擾她深感抱歉。
盧秀燕指出，其他13名藝人名單是正確的，經由市府一一聯絡上，並且了解他們都已經進行快篩，而且都是陰性，謝謝他們的防疫合作。另外也呼籲在場有實際參加理財說明會的群眾，盡快篩檢，以保護自己的健康。
盧秀燕說明，昨天衛生局人員有前往「臻愛會館」查核，會館人員表示當日約有480人參與活動，入場民眾皆有要求掃描QR Code才得進入會場，至於掃描筆數與實際人數有落差的原因，可能是同行者於掃實聯制時會以加註數字的方式記錄同行人數導致。
不過，盧秀燕說，衛生局還是針對人數查核，如有不實，將依法裁罰3000到1萬5罰鍰。另外，請活動辦理單位提供活動參加名單確認，如涉未配合或疫調不實，將依據傳染病防治法處新台幣6萬以上、30萬以下罰鍰。
相關新聞請見︰
「武漢肺炎專區」請點此，更多相關訊息，帶您第一手掌握。
不用抽 不用搶 現在用APP看新聞 保證天天中獎　 點我下載APP　 按我看活動辦法",https://news.ltn.com.tw/news/life/breakingnews/3895574
台中招商趴藝人名單搞烏龍 盧秀燕致歉鼓鼓、孫生,2022/04/16 14:08,"鼓鼓、孫生（圖）傳出席台中招商趴獲澄清。（狼谷競技台提供）
〔記者張軒哲／台中報導〕武漢肺炎（新型冠狀病毒病，COVID-19）本土疫情嚴峻，每日確診人數大增，台中市長盧秀燕今日受訪指出，針對市府昨日提供的台中臻愛會館虛擬貨幣說明會，對於廠商提供的藝人名單，與當日實際出席情形有出入，包括鼓鼓、孫生等少數朋友未出席，造成他們的困擾，感到非常抱歉，至於為什麼廠商提供的名單會有一部分出入，還要再瞭解。
台中市長盧秀燕受訪向藝人鼓鼓、孫生致歉。 （記者張軒哲攝）
盧秀燕呼籲，那天在說明會的場域，如果有參加的民眾，或的確在現場出席的藝人們，希望趕快去篩檢，確保自己的健康狀況；目前已知藝人沈玉琳、詹惟中、郭靜等人，都已去篩檢，謝謝他們的配合，他們是防疫優等生。
不用抽 不用搶 現在用APP看新聞 保證天天中獎　 點我下載APP　 按我看活動辦法",https://ent.ltn.com.tw/news/breakingnews/3895345
遭爆出席台中招商群聚感染 盧秀燕向鼓鼓道歉了,2022/04/16 07:46,"〔記者陽昕翰／台北報導〕「鼓鼓」呂思緯染疫後已康復，人已返家進行家自主健康管理，未料昨天卻爆出他在4月9日出席台中招商活動的烏龍消息，台中市長盧秀燕昨晚也到鼓鼓的臉書回應並致歉。
鼓鼓康復後已返家，正在進行自主健康管理。（相信音樂提供）
對於台中市政府在防疫記者會上，公開鼓鼓出席招商活動的錯誤消息，鼓鼓的唱片公司在臉書發文澄清：「（鼓鼓）4月9日還在檢疫所隔離中，並無出席虛擬貨幣招商活動一事，負責照護的醫護人員皆可作證明。大家切勿以訛傳訛。」同時向台中市長盧秀燕喊話，「鼓鼓乖乖在檢疫所沒有亂跑，請台中市民不用擔心。」
請繼續往下閱讀...
昨晚盧秀燕親自回應了鼓鼓的臉書發文，「希望你早日康復，市長已經要求廠商查核正確出席名單，第一時間選擇在記者會上宣布，主要是希望能夠防範未然，造成你的困擾很抱歉，謝謝你成為大家的防疫典範，年底再來台中跨年表演喔！」
鼓鼓隨後也回覆，「謝謝市長，我已經健康回到家自主管理。台中跨年見，也邀請市長5月7日來看我的演唱會！」
不用抽 不用搶 現在用APP看新聞 保證天天中獎　 點我下載APP　 按我看活動辦法",https://ent.ltn.com.tw/news/breakingnews/3895046
鼓鼓遭爆出席台中招商群聚感染 真相曝光喊話盧秀燕,2022/04/15 19:06,"「鼓鼓」呂思緯結束自主健康管理就會上工。（資料照，記者胡舜翔攝）
〔記者陽昕翰／台北報導〕「鼓鼓」呂思緯上月不幸染疫，住進了檢疫所隔離一個禮拜，昨天二採陰性終於順利出關，對於今有媒體報導，鼓鼓在9日出席的招商活動疑似爆發群聚感染，其實當天鼓鼓正在檢疫所隔離中，他並沒有出席。
鼓鼓的舞者上月先傳出確診消息，他在3月31日收到舞者確診消息被匡列在家，幾天後就從「陰轉陽」，並在4月7日進檢疫所，昨晚PCR兩次採陰後就返家。
請繼續往下閱讀...
鼓鼓曬照報平安，表示沒事了。（翻攝自IG）
鼓鼓昨晚發聲報平安，曬出自拍表示身體已經沒事了，採檢也是陰性，熱愛工作的他，隔離時依舊心繫下月在高流舉辦的演唱會，甚至帶著吉他進到檢疫所。
至於目前身體狀況如何？鼓鼓的經紀人阿鉍回應沒有大礙，目前已經回家，要進行一個禮拜的自主健康管理。
鼓鼓的經紀人表示，鼓鼓結束自主健康管理就會上工，4月30日會在高雄漢神巨蛋購物廣場舉辦簽票會，5月7日在高雄流行音樂中心的演唱會也會如期舉行。
鼓鼓的唱片公司稍早也透過臉書公開發文，強調：「4月9日還在檢疫所隔離中，並無出席虛擬貨幣招商活動一事，負責照護的醫護人員皆可作證明。大家切勿以訛傳訛。」同時向台中市長盧秀燕喊話，「不用擔心喔！鼓鼓乖乖在檢疫所沒有亂跑，請台中市民不用擔心。」
不用抽 不用搶 現在用APP看新聞 保證天天中獎　 點我下載APP　 按我看活動辦法",https://ent.ltn.com.tw/news/breakingnews/3894807
為何馬斯克要買下推特？動機可能與美國前總統川普有關,2022/04/15 09:39,"（圖／法新社）
特斯拉、Space X 執行長馬斯克（Elon Musk）宣布出價收購社群平台推特（Twitter）震撼業界，為何要如此大手筆呢？原因可能與美國前總統川普有一定關聯。
馬斯克一直對推特情有獨鍾，熱愛發文且有超過 8000 萬人追蹤，曾多次公開表態對於平台的不滿。昨日披露一封給推特主席的信件中，馬斯克提到他相信推特有成為全球言論自由典範的機會，但需要轉為私人公司，才有機會改變。在最新的 TED 大會受訪時，他進一步強調購買推特和賺錢無關，而是希望打造民主社會中可靠的言論平台。
言論自由是最大主因
過去馬斯克曾堅稱自己是絕對的「言論自由主義者」，多次表態對於推特的管控不滿。例如近年川普多次極端言論，最後遭到各大科技平台封殺，包含推特、臉書都將其帳號限制使用。當時馬斯克就曾出面反對，認為不能讓高科技產業作為現實生活的言論仲裁者。
此外在川普以言論自由向美國法院提出訴訟後，馬斯克也在個人推特上發起「是否認為推特有嚴守言論自由？」的票選活動，吸引超過上百萬名網友投票，且有近七成認為推特沒有滿足言論自由，當時馬斯克就已經暗示，有想要創立新社群平台的念頭。
有趣的是，稍早聽到馬斯克即將收購推特的消息，川普向外媒回應，即便有機會，自己現在也沒有興趣回歸推特，認為推特現在非常無聊，許多好的發言不存在了，多半是較為保守的發言。
與推特恩怨不只一樁
另外，馬斯克在推特上的風波還不僅如此，曾因與英國潛水員 Vernon Unsworth 打筆戰，罵了對方「戀童癖」，後續遭到提告。作為科技產業名人，每一次發文都會撼動市場股價，不只是多次影響虛擬貨幣的行情，亦曾因為對特斯拉發表考慮私有的言論，進而遭到美國證券交易委員會調查，特斯拉甚至被要求需要建立審查機制，確保馬斯克的推文沒有問題。
《你可能還想看》
馬斯克親口證實！收購推特最想改變這 3 大功能
馬斯克玩真的！重金出價 430 億美元要「全面買下」推特
不用抽 不用搶 現在用APP看新聞 保證天天中獎　 點我下載APP　 按我看活動辦法
馬斯克
川普
言論自由
推特
特斯拉
網路服務
3C 趣聞
產業新聞",https://3c.ltn.com.tw/news/48592
高雄駁二「以拉號奇航」展出百幅畫作 14名插畫家直播理念,2022/04/14 19:53,"「以拉號奇航」展出14名插畫家畫作。（記者黃旭磊攝）
〔記者黃旭磊／高雄報導〕駁二藝術特區發起「以拉號奇航-台灣插畫之全面啟動」特展，展出14名插畫創作者近百幅畫作，會場蓋起直播塔台與粉絲分享創作理念。
「以拉號奇航」由高雄市文化局邀集小路映画工作室黃米露策展，於駁二大義C7動漫倉庫展出3D飛船、怪獸島及龐克族等創作圖騰，展覽主視覺由定居高雄插畫家Croter，描繪奇幻飛船「以拉號」，帶入輕軌及高雄港區海巡船艦等現實場景。
小高潮色計事務所主理人於「以拉號奇航」特展作畫。（記者黃旭磊攝）
市府文化局長王文翠表示，台灣插畫家在世界舞台嶄露頭角，而黃米露深耕本土插畫界10年，集結眾家插畫創作者能量，透過「以拉號奇航」帶領觀眾航向未來、啟動元宇宙。
參與創作者包括高雄在地藝術工作室「人森視覺研究室」Smoky涂皓欽、靈病少女及入圍第32屆金曲獎最佳MV獎導演michun葉依柔，今年剛獲選波隆那Amazing100圖畫書的Croter與角斯角斯，及獲頒第40屆金鼎獎個人插畫獎徐至宏等人。
策展人黃米露表示，圖像創作者勾勒電腦繪圖板，嘗試用3D立體角色延伸動態影像，而區塊鍊、虛擬貨幣市場產出NFT作品，於2021年在藝術市場大放異彩，期待展覽為觀眾帶來驚喜，展期從4月15日起至8月21日於駁二藝術特區大義C7動漫倉庫展出。
☆藝文新聞不漏接，按讚追蹤粉絲頁。
☆更多重要藝文新聞訊息，請上自由藝文網。
不用抽 不用搶 現在用APP看新聞 保證天天中獎　 點我下載APP　 按我看活動辦法",https://art.ltn.com.tw/article/breakingnews/3893617
技嘉今年新品3箭齊發 全年營運估優於去年,2022/04/12 20:07,"技嘉今天舉辦法說會，提到目前顯卡的通路庫存水位3週至4週，對供應端而言相對健康。（技嘉提供）
〔記者方韋傑／台北報導〕主機板大廠技嘉（2376）今天舉辦法說會，提到目前顯卡的通路庫存水位3週至4週，對供應端而言相對健康，伺服器方面，排除烏俄戰爭因素，到年底還是估能雙位數成長，隨著新平台的推出可望擁有新客戶、新市場，市場需求仍然存在，而從第2季、第3季會開始大量生產新電競筆電。
技嘉去年每股盈餘（EPS） 21.01元。毛利率24.27%，營益率11.88%；產品營收比重分別為主機板25%、顯示卡45%、伺服器20%、其他10%；全球營收比重分別為歐洲35%，美洲25%，亞洲40%，今年因應高效能運算、人工智慧、5G、元宇宙、電競、虛擬貨幣發展，為提升經營效率，區分出消費型應用與商務型應用。
技嘉今年新產品除了先進冷卻伺服器，預計於第3季推出新AMD、INTC的中央處理器，還有採用AMD、NVIDIA方案的多樣化顯卡，新電競筆電搭載NVIDIA GeForce RTX 30系列顯卡，規格包括Intel 12 i9處理器，有4K HDR畫質。
技嘉表示，雖然烏俄戰爭對消費性產品有較大衝擊，但在商用型產品狀況還好，現在已經停止出貨給俄羅斯客戶，在市場需求面並沒有客戶砍單，以3月營收為例，歐洲需求有受到烏俄戰爭影響，加上第2季原本就是傳統淡季，應會延續現在的氛圍，不過，技嘉推估今年上半年營運表現不會遜於去年同期，將小幅成長。
技嘉提到，中國封城主要是筆電相關產品受到衝擊，已經啟動華南其他供應商的備案，對生產影響不大，雖然伺服器生產也有影響，但是至少有1個月的安全庫存，同時有不小的海外部位，以第2季需求來看，預期第3季料況會明顯改善，下半年整體營運樂觀，全年營收能較去年有所成長。
一手掌握經濟脈動 點我訂閱自由財經Youtube頻道
不用抽 不用搶 現在用APP看新聞 保證天天中獎　 點我下載APP　 按我看活動辦法",https://ec.ltn.com.tw/article/breakingnews/3891099
女股神：加密貨幣、DeFi讓傳統銀行頭很大,2022/04/09 16:22,"伍德表示，加密貨幣、DeFi等產品將威脅到傳統銀行業。（法新社）
〔財經頻道／綜合報導〕方舟投資執行長Cathie Wood接受《CNBC》採訪時表示，加密貨幣將令傳統銀行業非常頭大，因為加密貨幣初期，本就是為了迴避舊金融機構所生。
綜合媒體報導，跟平常使用的紙幣需要防偽設計一樣，加密貨幣的防偽是利用數位貨幣和虛擬貨幣使用密碼學及數字拼湊而成，並與智慧型合約的綁定之下的新型通證。加密貨幣基於去中心化的共識機制，與依賴中心化監管體系的銀行金融系統相對。
Cathie Wood指出，投資人對加密貨幣及去中心化金融（DeFi）的興趣，已開始危及傳統銀行業，如傳統貸款業務正受到DeFi產品的挑戰，技術人才也正流向加密貨幣市場。
另外她也注意到美國財政部長葉倫對加密貨幣的態度轉變，葉倫此前曾對加密貨幣表示擔憂，厭惡其潛在的環境問題和非法活動等缺點，如今已由質疑變為較正面看法。「我記得當時有人問我，我基本上說她（葉倫）沒有研究過該科技，也沒有研究過類似的新資產投資工具。嗯，看起來她的態度一直在轉變。」
一手掌握經濟脈動 點我訂閱自由財經Youtube頻道
不用抽 不用搶 現在用APP看新聞 保證天天中獎　 點我下載APP　 按我看活動辦法",https://ec.ltn.com.tw/article/breakingnews/3887721
玩家抵制成功？分析師預測一原因 GPU 顯示卡價格將「大暴跌」,2022/04/09 14:34,"（圖片來源／Nvidia）
由於挖礦熱潮、供應鏈缺貨，電腦的 GPU 顯示卡在過去兩年幾乎一卡難求，且價格極高，讓普通玩家幾乎難以負擔。現在似乎有越來越多跡象顯示，GPU 價格即將回到崩跌，回到正常該有的售價。
Jon Peddie Research 執行長 Jon Peddie 最新報告指出，由於虛擬貨幣挖礦熱潮，在 2019-2020 年之間爆發第一波顯卡漲價潮，根據數據顯示，2019 年平均售價僅約 400 美元多一點，到了 2020 年卻爆衝到 700 美元，漲幅高達 75%，隨後在 2021 年達到接近 800 美元。
顯示卡的價格近乎翻倍，例如 NVIDIA 的 RTX 3090 Ti 官方定價僅 1,999 美元，入手卻得花費 3,820 美元，原價 1499 美元的 RTX 3090 也一度被炒到 3300 美元。這波漲價主要集中於桌電 GPU，筆電反而沒受到影響，說明並非缺貨問題，更多是黃牛炒作價格。
顯卡的平均價格，報告認為挖礦熱潮是比疫情更主要的漲價原因。（圖／翻攝gfxspeak）
主流顯卡被炒價的幅度（圖／翻攝gfxspeak）
Jon Peddie 表示，多數遊戲顯卡的價格早就超過玩家的負擔範圍，使多數人仍舊選擇沿用舊硬體，導致不少開發者對此感到失望。而售價飆漲並沒有讓 GPU 供應商得利，反而是中間販售平台亞馬遜、NewEgg、BestBuy 等網站，主要是因黃牛高價販售，賺到了交易手續費。
Jon Peddie 認為，顯示卡即將隨著玩家拒買、抵制而崩跌，當黃牛與礦工無法脫手轉賣時，價格就會開始暴跌，但速度可能沒有想像中的那麼快。
《你可能還想看》
微軟發出警告！舊版本 Windows 10 下個月就要「停止支援」了
不用抽 不用搶 現在用APP看新聞 保證天天中獎　 點我下載APP　 按我看活動辦法
顯示卡
GPU
價格
超微半導體
輝達
電腦周邊
產業新聞",https://3c.ltn.com.tw/news/48488
比特幣會議的炫目藝術大展,2022/04/08 22:10,"人們欣賞比特幣 2022 會議的裝置藝術。（法新社）
〔自由藝文網〕在美國邁阿密舉行的2022年比特幣會議，凝聚了虛擬貨幣使用者的眼光，這場從4月6日至9日舉行的大會，有超過三萬人參加，七百萬人觀賞線上直播。由於比特幣的廣泛運用，即使在價值趨低的此刻，仍然是投資者和使用者相當關注的議題。
一位女士正在觀看以比特幣為主題的藝術品。（法新社）
展場中藝術作品。（法新社）
在這場為期四天的會議中，藝術裝置非常炫麗奪目。NFT交易中的藝術品項常有驚人的銷售速度，因此藝術創意成為創作者爭取蒐藏的必要元素，各種創意及設計上的翻新概念不斷刺激藝術品項的呈現。
邁阿密海灘警官 Ernesto Rodriguez 在佛羅里達州的邁阿密海灘會議中心舉行的比特幣 2022 會議期間，在藝術裝置中擺姿勢。（法新社）
這種不斷翻新的創意，也表現在這場會議的藝術裝置上，無論是裝置或藝術元件，都吸引許多參與者的眼光，有的人在裝置藝術上擺出各種姿勢，把自己融入其中；有的人在藝術品前駐足觀看，這都反映出，在虛擬貨幣的交易中，藝術作品是個快速成長和擁有極大巿場潛力的交易品項。
一名男人在裝置藝術前擺弄姿勢。（法新社）
☆藝文新聞不漏接，按讚追蹤粉絲頁。
☆更多重要藝文新聞訊息，請上自由藝文網。
不用抽 不用搶 現在用APP看新聞 保證天天中獎　 點我下載APP　 按我看活動辦法",https://art.ltn.com.tw/article/breakingnews/3887220
傳Meta正在開發元宇宙虛幣「祖克幣」,2022/04/07 10:15,"臉書母公司Meta傳正在開發名為「祖克幣（Zuck Bucks）」的元宇宙虛擬貨幣。（彭博）
〔財經頻道／綜合報導〕外媒報導，臉書母公司Meta正在開發名為「祖克幣（Zuck Bucks）」的元宇宙虛幣。
綜合媒體報導，有知情人士透露，Meta金融部門 Meta Financial Technologies正尋求開發一種元宇宙虛擬貨幣，且內部員工將該稱虛擬貨幣暱稱為「祖克幣」，與該公司執行長祖克伯 （Mark Zuckerberg） 名字相呼應。
報導指出，「祖克幣」目前還在初步規劃階段，預定用於元宇宙，但據了解「祖克幣」可能不會使用區塊鏈，因為Meta傾向推出的是由公司控制的程式內代幣 （in-app token），讓使用者可以在Instagram（IG） 打賞，或獎勵在臉書社團有重要貢獻的人。
除了「祖克幣」外，報導也指出，Meta也想打造「社交代幣（social tokens）」或「名聲代幣（reputation tokens）」，獎勵對臉書有貢獻者，還有意推出與IG特定網紅連動的「創造者幣（creator coins）」。
對上述報導，Meta回應表示沒有可以更新的事項，僅透露公司目前專注打造元宇宙，支付和金融服務也在範圍內。
Meta股價6日收在223.30美元，跌幅3.68%。
一手掌握經濟脈動 點我訂閱自由財經Youtube頻道
不用抽 不用搶 現在用APP看新聞 保證天天中獎　 點我下載APP　 按我看活動辦法",https://ec.ltn.com.tw/article/breakingnews/3884827
馬斯克猛砸 765 億成推特「最大股東」！第一個許願功能要實現了,2022/04/06 09:37,"（圖／路透）
特斯拉、Space X 執行長馬斯克（Elon Musk），除了是知名科技公司創辦人，更是社群平台「推特」（Twitter）的著名網紅，屢次報牌撼動股市，被不少網友、媒體笑稱是「馬投顧」，如今現在更成為推特的最大股東。
外媒《彭博社》指出，從 13G 發布的最新文件，直指馬斯克已經握有 9.2% 的推特股份，是當前的最大股東，據悉從一月底開始，幾乎每天都在買推特的股票，今年就砸了 26.4 億美元（約 756.56 億元）。
推特執行長 Parag Agrawal 更親自證實，已經邀請馬斯克成為董事會成員，可以說是從推特網紅，一舉翻身成為重要的核心投資者。
馬斯克的推特帳號擁有超過 8000 萬名粉絲，發文頻率極高，且無論是談到股票、虛擬貨幣，都會帶動市場行情。幾周前，他才剛舉辦投票詢問「推特是否有遵守言論自由的原則？」，並透露有在認真考慮推出自己的社群平台，沒想到私底下卻持續買進推特股票，現在握有推特最多的股份。
在確定成為推特最大股東後，馬斯克的第一則推文，就是個人帳號發起投票，詢問網友是否該加入「編輯功能」。稍早推特官方進一步證實，編輯功能正在開發中，預計在未來率先提供給Twitter Blue 的訂閱用戶。過往推特堅持不加入這項功能，甚至拿來作為愚人節玩笑，看來現在已經改變想法了。
《你可能還想看》
LINE 意外輸了！日本小學生最愛社群媒體 App 換成它
不用抽 不用搶 現在用APP看新聞 保證天天中獎　 點我下載APP　 按我看活動辦法
社群媒體
馬斯克
特斯拉
Space X
推特
網路服務
3C 趣聞
產業新聞",https://3c.ltn.com.tw/news/48437
又來了！假造《自由時報》網頁 打「蔡宏圖」名號詐騙投資,2022/04/04 21:40,"又有歹徒假造《自由時報》網頁，投放廣告散布假訊息，現在連國泰金控董事長蔡宏圖都受害；本報鄭重澄清，這些內容非本報刊登，內容也屬不實，本報已向警方報案，同時呼籲民眾小心查證消息來源，勿受騙上當。（擷取自網頁，本報合成）
2022/04/04 21:40
〔記者姚岳宏／台北報導〕先前有歹徒多次假造《自由時報》網頁，投放廣告散布假訊息，現在連國泰金控董事長蔡宏圖都受害，詐騙集團利用假網頁新聞，誆稱蔡宏圖是透過「加密貨幣自動交易程式」累積財富；本報鄭重澄清，這些內容非本報刊登，內容也屬不實，本報已向警方報案，同時呼籲民眾小心查證消息來源，勿受騙上當。
這次的假新聞，標題是「專題報告: 蔡宏圖的最新投資讓專家們感到敬畏，也讓大銀行產生恐慌」，內容謊稱，蔡宏圖出現在“臺灣新聞”這個節目上，並公布了一個新的“財富漏洞”，表示這個漏洞能夠 在3-4個月內將任何人變成百萬富翁；內文下方還刊登一些假評論，表示真有其事。
警方表示，上述網頁發佈的假新聞使用簡體字，可簡轉繁，但文字用語不通順，疑是中國詐團所為，民眾閱覽假網頁後，只要點擊鼓吹趕快報名的相關連結，便會出現假冒的投資網站，填寫姓名、電子郵件等個資後，進入投資虛擬貨幣頁面，一旦遭引誘匯款投資，等到想領回獲利時，歹徒即失聯。
去年初開始，就有不法份子仿冒本報網頁傳遞不實報導，虛構名人投資線上交易獲利無數等話術，誘騙民眾投資虛擬貨幣詐財，本報獲悉後自去年開始至上個月，先後陸續多次向刑事局報案，同時透過新聞報導方式，對外嚴正聲明，提醒民眾勿上當，但仍有民眾因此受騙，二月間有名楊姓家庭主婦誤信報導內容，遭誘騙註冊假投資網站詐走萬元美金。
先前也曾出現「郭台銘的最新投資讓銀行恐慌」的一頁式詐騙，偽裝成《自由時報》網站的新聞報導形式，也有詐騙集團假冒自由時報電子報網頁，刊登「陳時中給經濟復蘇提供了一個解決辦法…」等不實言論，誆騙網友投資，針對上述情事本報已向刑事局報案，呼籲民眾小心，勿受害。
☆自由時報電子報提醒您，防詐騙專線︰165，報案專線︰110☆
不用抽 不用搶 現在用APP看新聞 保證天天中獎　 點我下載APP　 按我看活動辦法",https://news.ltn.com.tw/news/society/breakingnews/3882478
詐團仿本報網頁誘投資 婦人誤信遭詐萬元美金,2022/04/02 17:21,"「假投資詐騙」猖獗，去年初開始就有不法份子仿冒本報網頁傳遞不實報導，虛構名人投資線上交易獲利無數等話術，誘騙民眾投資虛擬貨幣詐財，本報獲悉後自去年開始至上個月，先後陸續多次向刑事局報案。（刑事局提供）
2022/04/02 17:21
本報多次澄清 持續報警處理
〔記者邱俊福／台北報導〕「假投資詐騙」猖獗，去年初開始就有不法份子仿冒本報網頁傳遞不實報導，虛構名人投資線上交易獲利無數等話術，誘騙民眾投資虛擬貨幣詐財，本報獲悉後自去年開始至上個月，先後陸續多次向刑事局報案，同時透過新聞報導方式，對外嚴正聲明，提醒民眾勿上當，但仍有民眾因此受騙，上月初一名楊姓家庭主婦誤信報導內容，遭誘騙註冊假投資網站詐走萬元美金。
刑事局陸續接獲本報報案後追查這些假網頁IP，發現分布在德國、法國與美國等多個國家，僅能透過國際組織或司法互助方式調閱相關資料查察，但為避免有民眾受騙，刑事局追查同時，都立即採取阻斷網頁方式先行處理。
此外，刑事局查察民眾接到的不法分子詐騙電話來源，發現發話端在菲律賓，不排除詐騙話務機房都隱身境外行騙，也增加查緝的困難。
上月初，雲林縣一名年約50歲的楊姓家庭主婦，在家中使用手機時，看到一篇專訪臺灣知名米其林主廚的新聞報導，內容提到其投資加密貨幣的致富秘訣，網頁中還有多位網友留下評論。
楊女便透過網頁連結到自動交易程式的投資網站，留下聯絡電話，不久就收到一通「＋」號開頭的投資專員來電，要求她先註冊帳號，隨後陸續用信用卡刷卡美金1萬元投資。不料3天後，楊女打算申請提領投資款項，才發現根本無法提領，當初看到的專訪，完全是無中生有的假新聞網站，始知受騙。
刑事局提醒，如果看到類似的新聞網頁，可透過分辨網頁的網址，就能看出山寨新聞的網址與官方網址明顯不同，且山寨新聞網頁不管怎麼點選，都只會連進投資網站，非常可疑，另外對「＋」號開頭的來電，更要提高警覺。
☆自由時報電子報提醒您，防詐騙專線︰165，報案專線︰110☆
不用抽 不用搶 現在用APP看新聞 保證天天中獎　 點我下載APP　 按我看活動辦法",https://news.ltn.com.tw/news/society/breakingnews/3880632
鄧麗君穿越時空走秀超神奇！Claudia Wang扭曲時空變仙境,"2022/04/02 08:00
文／記者王瀅娟","Claudia Wang設計師王子欣（右）邀請虛擬鄧麗君（左）走2022秋冬秀。（品牌提供）

你想像過鄧麗君走秀是什麼樣子嗎？台灣設計師品牌Claudia Wang攜手好萊塢頂級視效公司「數字王國」打造2022秋冬秀，透過科技讓逝世已久的經典歌手鄧麗君穿上品牌秋冬新裝走上伸展台，無論走秀、轉身與擺拍姿勢都氣勢十足，簡直是超級名模 !
Claudia Wang 2022秋冬秀影片集合虛擬鄧麗君（左起）、設計師王子欣與虛擬網紅Eve。（品牌提供）

Claudia Wang設計師王子欣表示，秋冬主題「Fairy Land」以《山海經》為靈感，創造數於台灣意象的奇幻仙境，「是充滿想像與奇幻空間的，什麼都可以發生。」這次大秀的發想是把經典與前衛做連結，所以與鄧麗君文教基金會合作，請經典歌手鄧麗君來「走秀」，搭配金曲獎音樂製作人黃宣現場演唱，做音樂上的對話；大秀影片中還有即將發表的虛擬網紅Eve也來走秀，結合過去現在與未來。王子欣表示，如何把過去經典人物和全新概念結合，是這次服裝秀上要突破的地方。服裝上大量應用歐普格紋帶出復古感，再加以扭曲表現出時空扭曲感，從而創造「空間」，讓過去與現在的人物以及各種奇幻生物並存於印花上，讓觀者隨著流動的線條探索，發現意想不到的細節，彷彿尋寶般的樂趣。
虛擬鄧麗君為Claudia Wang走2022秋冬秀，右為設計師王子欣。（品牌提供）

獲金曲獎最佳單曲製作人的創作歌手黃宣於Claudia Wang 2022秋冬秀上現場演唱。（臺北時裝週提供）

王子欣目前所有服裝，無論是數位或實體，都是以數位先行，她表示這樣做的好處是，一般打版時排印花沒有辦法排大面積的圖案，或是將圖案完整連結，這次可以看到印花從上衣連結到下方的設計，同時可以減少製作過程中布料的浪費，也是永續時尚的一環。
Claudia Wang 2022秋冬系列也有於倫敦時裝週發表，她表示倫敦時尚人士對她的作品接受度還滿高的，得到很多回饋，「比如倫敦的網紅穿搭跟我們不太一樣，讓我發現原來我的衣服可以這樣搭配；一些比較亮的顏色如橘色，也適合他們的膚色，跟亞洲人是真的很不一樣。」
Claudia Wang 2022秋冬秀。（臺北時裝週提供）

延伸閱讀
「夜市香腸」烤進伸展台！#DAMUR愛心鏤空視覺帶入台灣人情味
Tiffany首發品牌虛擬貨幣！能用它買什麼引發好奇

不用抽 不用搶 現在用APP看新聞 保證天天中獎　 點我下載APP　 按我看活動辦法",https://istyle.ltn.com.tw/article/19229
陳庭妮開心不開心都「開車」! 背後原因好暖心,"2022/04/01 20:30
文／記者王瀅娟","陳庭妮於IG大貼開車照。（翻攝自陳庭妮IG）

陳庭妮在社群分享她的開車時尚大片，單手握方向盤前進、後退、看窗外，顯得架式十足，她貼文中透露自己學會開車後發現新世界，現在開心也開車、不開心也開車，而當初學開車的原因是為了要帶著愛犬Chelsea到處玩！
陳庭妮開車架式十足。（翻攝自陳庭妮IG）

陳庭妮表示，養了Chelsea之後，發現要帶著她出門坐計程車，常常會攔不到車，或是想要帶她去的地方太遠，只能作罷跟她說下次我們再一起去，某天受不了了就衝去報名駕訓班順便買了一台車（謎之音：好大手筆），搞笑的是她當時根本沒駕照，交車時還要拜託身邊有駕照的朋友幫她把車開回家（謎之音：朋友是胡宇威嗎？），現在也還是想不透為什麼要這麼衝？
陳庭妮分享生活，秀出Miu Miu軟皮革金屬鍊帶包。（翻攝自陳庭妮IG）

隨著陳庭妮開車照一起曝光的還有Miu Miu新推出的軟皮革金屬鍊帶包，大號鬆垮手袋選用柔軟的皮革縫製。壓印品牌字增添個性，並配備細鍊條肩揹帶，散發高雅流麗的氣息。Miu Miu春夏以低腰炫腹設計為標誌，陳庭妮留到最後一張才貼出來，給看到最後的粉絲意外驚喜！
陳庭妮露腰炫腹展演Miu Miu軟皮革金屬鍊帶包。（翻攝自陳庭妮IG）

延伸閱讀
陳庭妮秀包甜喊「家庭教育很重要」！天心侯佩岑高圓圓幸福人妻都揹同一包
Tiffany首發品牌虛擬貨幣！能用它買什麼引發好奇
不用抽 不用搶 現在用APP看新聞 保證天天中獎　 點我下載APP　 按我看活動辦法",https://istyle.ltn.com.tw/article/19230
NFT主管機關為何？ 蘇揆承諾1個月內確定,2022/04/01 17:47,"國民黨立委李貴敏質詢行政院長蘇貞昌。（記者謝君臨翻攝）
〔記者謝君臨／台北報導〕NFT（非同質化代幣）近來引發熱潮。國民黨立委李貴敏今（1）日於立法院院會質詢時，詢問NFT發生在台灣要不要課稅？究竟它的主管機關是誰？對此，財政部長蘇建榮說，NFT作為一種商品，可以課稅。行政院長蘇貞昌則表示，新的東西不能不管，將請相關部會通盤檢討，並承諾1個月內確定主管機關。
立法院院會今續邀請蘇貞昌率部會首長進行施政總質詢。李貴敏質詢時，關心NFT交易相關事宜。她說，NFT在2020年營收5500萬美元，到了2022年第1季而已，交易量高達260億美元；香港藝人陳冠希的NFT，3天內賺了新台幣1.4億元，這若發生在台灣要不要課稅？究竟它的主管機關是誰？
對此，蘇建榮表示，NFT基本上是屬於商品、勞務的部分，它是可以課稅的，平台部分，若它有收取佣金，它商品交易按照營業稅法要課稅。
李貴敏說，NFT沒有主管機關，財政部長說它是商品，金管會主委黃天牧則認為它是藝術品，光各部會對其看法就不同，「我沒有說誰對誰錯」但剛提及閒置資金氾濫，且年輕朋友們對於新興產業很有興趣，不管是NFT或虛擬貨幣，為何年輕人會進去，因為在未來世界是憑藉NFT、虛擬貨幣作為身份認證。
李貴敏指出，有教授說，今天的NFT就像我們那個年代，好似30年前買台積電股票一樣，難道我們可以不去管它？蘇貞昌強調：「新的東西不能不管。」
李貴敏續詢問，若NFT是貨幣或平台，這當然是金管會管轄，但若它是商品的話，應該屬經濟部，那請問NFT的主管機關是哪個單位？蘇貞昌說：「我要請相關部會整個盤，之後盡快告訴我，我不好自己斷定，應該不用很久。」李直接要求：「1個月」蘇也明快回說：「好。」
李貴敏也提及，NFT的詐騙風潮已成為全球第二大詐騙類型，年輕朋友們做NFT交易，平台合不合法影響其權益，這絕對不能不管。
此外，李貴敏說，烏克蘭已接受虛擬貨幣捐款，俄羅斯也接受以虛擬貨幣購買天然氣或石油，若我們沒有一個主管機關，沒有確認合法交易的平台，那她要提出幾個問題，將來虛擬貨幣算不算政治獻金？蘇貞昌說：「現在沒有照這樣。」李則說：「但它有經濟利益，若按照法規定義，它算不算是政治獻金？」
最後，李貴敏表示，她的質詢並非臨場考，盼院長及相關部會回去研究後能夠提出來，她之所以提到這些，這因為覺得真的對年輕朋友不公平，「我們對於下一個世代，有義務創造他們生存且在國際競爭的地位。」
一手掌握經濟脈動 點我訂閱自由財經Youtube頻道
不用抽 不用搶 現在用APP看新聞 保證天天中獎　 點我下載APP　 按我看活動辦法",https://ec.ltn.com.tw/article/breakingnews/3879778
Tiffany首發品牌虛擬貨幣！能用它買什麼引發好奇,"2022/04/01 16:30
文／記者王瀅娟","Tiffany & Co.推出品牌虛擬貨幣「TiffCoin」，為踏進原宇宙的第一步。（翻攝自Tiffany & Co. IG）

元宇宙概念正夯，不少精品品牌選擇發行NFT跨入元宇宙，Tiffany & Co.則以發行虛擬貨幣而跨入元宇宙，為精品品牌發行品牌虛擬貨幣的第一人！
據Tiffany & Co.美國官網上來看，未來虛擬貨幣的擁有者，可以有購買專屬商品和未來發行的NFT，以及獲得受邀參加獨家活動的機會，不過還找不到購買方法。就目前來看，Tifffany & Co.此舉用來「圈粉」的意味較為濃厚。
Tiffany & Co.邀請Jay Z（左）與碧昂絲（右）夫婦，和藝術家Basquiet化作一同入鏡拍攝形象廣告，引發熱烈討論。（翻攝自Tiffany & Co. IG）

Tiffany & Co.自被LVMH集團收購以後，往年輕族群、而且是願意花錢的族群靠攏的方向很明確，比如任命韓團Blackpink的Rose為全球品牌大使、邀請饒舌歌手與潮流領導者Jay-Z與碧昂絲夫婦拍攝形象廣告、與女神卡卡密切合作、和潮牌Supreme與當代藝術家Daniel Arsham合作推出聯名系列等，成功炒熱一波又一波的話題。現在再加入元宇宙，要怎麼玩「TiffCoin」，值得期待。
Tiffany & Co.最近強打由Blackpink團員Rose拍攝的Tiffany HardWear系列珠寶廣告。（翻攝自Tiffany & Co. IG）

延伸閱讀
Tiffany & Co.開出第一槍！宣布停止採購俄羅斯開採鑽石
陳庭妮秀包甜喊「家庭教育很重要」！天心侯佩岑高圓圓幸福人妻都揹同一包

不用抽 不用搶 現在用APP看新聞 保證天天中獎　 點我下載APP　 按我看活動辦法",https://istyle.ltn.com.tw/article/19224
